"","codes","peer_delta","knowledge_delta","trainer_delta","skill_delta"
"1","A",0.00951263789973461,-1.17748917748918,0.8,-3.03929618768328
"2","B",0.181643442327625,-0.181818181818182,0.4,15.9947578152833
"3","C",-0.0373145010916458,0.12987012987013,0.4,18.7766688633545
"4","D",0.133385983030597,-1.14285714285714,0.4,-14.2841347947963
"5","E",-0.00880834261415385,0.294372294372295,0.8,40.5669185527442
